﻿--
-- Script was generated by Devart dbForge Studio for MySQL, Version 8.0.40.0
-- Product home page: http://www.devart.com/dbforge/mysql/studio
-- Script date 09/06/2024 23:12:32
-- Server version: 5.5.5-10.1.40-MariaDB
-- Client version: 4.1
--

-- 
-- Disable foreign keys
-- 
/*!40014 SET @OLD_FOREIGN_KEY_CHECKS=@@FOREIGN_KEY_CHECKS, FOREIGN_KEY_CHECKS=0 */;

-- 
-- Set SQL mode
-- 
/*!40101 SET @OLD_SQL_MODE=@@SQL_MODE, SQL_MODE='NO_AUTO_VALUE_ON_ZERO' */;

-- 
-- Set character set the client will use to send SQL statements to the server
--
SET NAMES 'utf8';

DROP DATABASE IF EXISTS realfit;

CREATE DATABASE realfit
CHARACTER SET latin1
COLLATE latin1_swedish_ci;

--
-- Set default database
--
USE realfit;

--
-- Create table `monitores`
--
CREATE TABLE monitores (
  id int(11) NOT NULL AUTO_INCREMENT,
  dni char(9) NOT NULL,
  nombrecompleto varchar(60) NOT NULL,
  direccion varchar(50) NOT NULL,
  telefono varchar(30) NOT NULL,
  cuentabancaria varchar(30) NOT NULL,
  aniosexperiencia int(11) NOT NULL DEFAULT 0,
  PRIMARY KEY (id)
)
ENGINE = INNODB,
AUTO_INCREMENT = 13,
AVG_ROW_LENGTH = 1365,
CHARACTER SET latin1,
COLLATE latin1_swedish_ci;

--
-- Create index `uk_dni_monitores` on table `monitores`
--
ALTER TABLE monitores
ADD UNIQUE INDEX uk_dni_monitores (dni);

--
-- Create table `espacios`
--
CREATE TABLE espacios (
  codigo int(11) NOT NULL AUTO_INCREMENT,
  maxcapacidad int(11) NOT NULL,
  PRIMARY KEY (codigo)
)
ENGINE = INNODB,
AUTO_INCREMENT = 3,
AVG_ROW_LENGTH = 8192,
CHARACTER SET latin1,
COLLATE latin1_swedish_ci;

--
-- Create table `clases`
--
CREATE TABLE clases (
  codigo int(11) NOT NULL AUTO_INCREMENT,
  actividad varchar(55) NOT NULL,
  PRIMARY KEY (codigo)
)
ENGINE = INNODB,
AUTO_INCREMENT = 9,
AVG_ROW_LENGTH = 2048,
CHARACTER SET latin1,
COLLATE latin1_swedish_ci;

--
-- Create table `sesiones`
--
CREATE TABLE sesiones (
  id int(11) NOT NULL AUTO_INCREMENT,
  hora time NOT NULL,
  codclase int(11) NOT NULL,
  codespacio int(11) NOT NULL,
  idmonitor int(11) NOT NULL,
  PRIMARY KEY (id)
)
ENGINE = INNODB,
AUTO_INCREMENT = 34,
AVG_ROW_LENGTH = 496,
CHARACTER SET latin1,
COLLATE latin1_swedish_ci;

--
-- Create foreign key
--
ALTER TABLE sesiones
ADD CONSTRAINT fk_sesiones_clases FOREIGN KEY (codclase)
REFERENCES clases (codigo) ON DELETE CASCADE ON UPDATE CASCADE;

--
-- Create foreign key
--
ALTER TABLE sesiones
ADD CONSTRAINT fk_sesiones_espacios FOREIGN KEY (codespacio)
REFERENCES espacios (codigo) ON DELETE CASCADE ON UPDATE CASCADE;

--
-- Create foreign key
--
ALTER TABLE sesiones
ADD CONSTRAINT fk_sesiones_monitores FOREIGN KEY (idmonitor)
REFERENCES monitores (id) ON DELETE CASCADE ON UPDATE CASCADE;

--
-- Create table `entrenadorespersonales`
--
CREATE TABLE entrenadorespersonales (
  id int(11) NOT NULL AUTO_INCREMENT,
  dni char(9) NOT NULL,
  nombrecompleto varchar(60) NOT NULL,
  direccion varchar(50) NOT NULL,
  telefono varchar(20) NOT NULL,
  cuentabancaria varchar(30) NOT NULL,
  PRIMARY KEY (id)
)
ENGINE = INNODB,
AUTO_INCREMENT = 21,
AVG_ROW_LENGTH = 819,
CHARACTER SET latin1,
COLLATE latin1_swedish_ci;

--
-- Create index `uk_dni_monitores` on table `entrenadorespersonales`
--
ALTER TABLE entrenadorespersonales
ADD UNIQUE INDEX uk_dni_monitores (dni);

--
-- Create table `titulos`
--
CREATE TABLE titulos (
  codigo int(11) NOT NULL AUTO_INCREMENT,
  identrenadorpersonal int(11) NOT NULL,
  titulo varchar(80) NOT NULL,
  PRIMARY KEY (codigo)
)
ENGINE = INNODB,
AUTO_INCREMENT = 31,
AVG_ROW_LENGTH = 546,
CHARACTER SET latin1,
COLLATE latin1_swedish_ci;

--
-- Create foreign key
--
ALTER TABLE titulos
ADD CONSTRAINT fk_titulos_entrenadorespersonales FOREIGN KEY (identrenadorpersonal)
REFERENCES entrenadorespersonales (id) ON DELETE CASCADE ON UPDATE CASCADE;

--
-- Create table `rutinas`
--
CREATE TABLE rutinas (
  codigo int(11) NOT NULL AUTO_INCREMENT,
  tipo varchar(50) NOT NULL,
  identrenadorpersonal int(11) DEFAULT NULL,
  PRIMARY KEY (codigo)
)
ENGINE = INNODB,
AUTO_INCREMENT = 9,
AVG_ROW_LENGTH = 2048,
CHARACTER SET latin1,
COLLATE latin1_swedish_ci;

--
-- Create foreign key
--
ALTER TABLE rutinas
ADD CONSTRAINT fk_rutinas_entrenadorespersonales FOREIGN KEY (identrenadorpersonal)
REFERENCES entrenadorespersonales (id);

--
-- Create table `clientes`
--
CREATE TABLE clientes (
  id int(11) NOT NULL AUTO_INCREMENT,
  dni char(9) NOT NULL,
  nombrecompleto varchar(60) NOT NULL,
  direccion varchar(50) NOT NULL,
  telefono varchar(20) NOT NULL,
  cuentabancaria varchar(30) NOT NULL,
  identrenadorpersonal int(11) DEFAULT NULL,
  PRIMARY KEY (id)
)
ENGINE = INNODB,
AUTO_INCREMENT = 101,
AVG_ROW_LENGTH = 163,
CHARACTER SET latin1,
COLLATE latin1_swedish_ci;

--
-- Create index `uk_dni_clientes` on table `clientes`
--
ALTER TABLE clientes
ADD UNIQUE INDEX uk_dni_clientes (dni);

--
-- Create foreign key
--
ALTER TABLE clientes
ADD CONSTRAINT fk_clientes_entrenadorespersonales FOREIGN KEY (identrenadorpersonal)
REFERENCES entrenadorespersonales (id);

--
-- Create table `apuntarse`
--
CREATE TABLE apuntarse (
  codigo int(11) NOT NULL AUTO_INCREMENT,
  idcliente int(11) NOT NULL,
  idsesion int(11) NOT NULL,
  asistencia tinyint(1) DEFAULT NULL,
  PRIMARY KEY (codigo)
)
ENGINE = INNODB,
AUTO_INCREMENT = 254,
AVG_ROW_LENGTH = 65,
CHARACTER SET latin1,
COLLATE latin1_swedish_ci;

--
-- Create foreign key
--
ALTER TABLE apuntarse
ADD CONSTRAINT fk_apuntarse_clientes FOREIGN KEY (idcliente)
REFERENCES clientes (id) ON DELETE CASCADE ON UPDATE CASCADE;

--
-- Create foreign key
--
ALTER TABLE apuntarse
ADD CONSTRAINT fk_apuntarse_sesiones FOREIGN KEY (idsesion)
REFERENCES sesiones (id) ON DELETE CASCADE ON UPDATE CASCADE;

--
-- Create table `ejercicios`
--
CREATE TABLE ejercicios (
  codigo int(11) NOT NULL AUTO_INCREMENT,
  nombre varchar(50) NOT NULL,
  series int(11) NOT NULL DEFAULT 0,
  repeticiones int(11) NOT NULL DEFAULT 0,
  tiempo int(11) NOT NULL DEFAULT 0,
  PRIMARY KEY (codigo)
)
ENGINE = INNODB,
AUTO_INCREMENT = 31,
AVG_ROW_LENGTH = 546,
CHARACTER SET latin1,
COLLATE latin1_swedish_ci;

--
-- Create table `componen`
--
CREATE TABLE componen (
  id int(11) NOT NULL AUTO_INCREMENT,
  codrutina int(11) NOT NULL,
  codejercicio int(11) NOT NULL,
  PRIMARY KEY (id)
)
ENGINE = INNODB,
AUTO_INCREMENT = 50,
AVG_ROW_LENGTH = 546,
CHARACTER SET latin1,
COLLATE latin1_swedish_ci;

--
-- Create foreign key
--
ALTER TABLE componen
ADD CONSTRAINT fk_componen_ejercicios FOREIGN KEY (codejercicio)
REFERENCES ejercicios (codigo) ON DELETE CASCADE ON UPDATE CASCADE;

--
-- Create foreign key
--
ALTER TABLE componen
ADD CONSTRAINT fk_componen_rutinas FOREIGN KEY (codrutina)
REFERENCES rutinas (codigo) ON DELETE CASCADE ON UPDATE CASCADE;

-- 
-- Dumping data for table monitores
--
INSERT INTO monitores VALUES
(1, '16153085R', 'Carlos Rodríguez Pérez', 'Calle de Alcalá, 123, 28009 Madrid', '761686529', 'ES48-5636-5001-42-3889925266', 10),
(2, '18629468C', 'David García López', 'Gran Vía, 45, 28013 Madrid', '691310584', 'ES12-0170-0045-69-3909924410', 6),
(3, '02602892M', 'Sergio Fernández González', 'Calle de Serrano, 78, 28006 Madrid', '778633734', 'ES47-3852-8005-96-9198075462', 8),
(4, '14340889K', 'Alejandro Martínez Sánchez', 'Paseo de la Castellana, 301, 28046 Madrid', '729461679', 'ES52-1448-3090-72-7462632960', 35),
(5, '06345102T', 'Luis Ruiz Hernández', 'Calle de Goya, 100, 28001 Madrid', '768374313', 'ES34-4720-6300-52-9399824465', 11),
(6, '11342932E', 'María Gómez Torres', 'Calle de Velázquez, 150, 28006 Madrid', '740173249', 'ES10-4979-3394-55-4139872343', 7),
(7, '42509787Z', 'Laura Díaz Romero', 'Calle de Fuencarral, 200, 28010 Madrid', '603276266', 'ES76-6330-3132-55-0389355433', 11),
(8, '23430261T', 'Antonio Jiménez Navarro', 'Calle de Atocha, 105, 28012 Madrid', '653229543', 'ES39-2471-5719-44-6446855650', 5),
(9, '29860373W', 'Elena Muñoz Domínguez', 'Calle de Hortaleza, 54, 28004 Madrid', '663478820', 'ES90-1507-9300-08-2614098333', 13),
(10, '64194070N', 'Ana Álvarez Vázquez', 'Calle de Bravo Murillo, 93, 28020 Madrid', '671867705', 'ES06-7822-0765-68-5796675840', 17),
(11, '36685202H', 'Beatriz Hernández Rojas', 'Calle de Toledo, 250, 28005 Madrid', '797990454', 'ES18-2108-4977-61-8600576713', 28),
(12, '11297181H', 'Carmen Ortiz Morales', 'Calle de la Princesa, 150, 28008 Madrid', '750379287', 'ES04-5944-0430-89-3401034314', 8);

-- 
-- Dumping data for table espacios
--
INSERT INTO espacios VALUES
(1, 15),
(2, 20);

-- 
-- Dumping data for table clases
--
INSERT INTO clases VALUES
(1, 'Yoga'),
(2, 'Entrenamiento en Intervalos de Alta Intensidad (HIIT)'),
(3, 'Clases de Meditación'),
(4, 'Spinning o Ciclo Indoor'),
(5, 'Pilates'),
(6, 'Body Pump'),
(7, 'Entrenamiento de Movilidad'),
(8, 'Zumba');

-- 
-- Dumping data for table entrenadorespersonales
--
INSERT INTO entrenadorespersonales VALUES
(1, '01251271W', 'Pablo Rodríguez García', 'Calle de Génova, 10, 28004 Madrid', '723413561', 'ES03-5891-5623-63-8062896015'),
(2, '30246954E', 'María García López', 'Calle de Fuencarral, 50, 28001 Madrid', '677671097', 'ES16-5457-6892-97-9668013830'),
(3, '23186131S', 'Juan Fernández Martínez', 'Calle de Velázquez, 25, 28006 Madrid', '609527075', 'ES95-2076-1788-88-5192410258'),
(4, '27518281T', 'Ana Martínez Sánchez', 'Calle de Serrano, 100, 28046 Madrid', '652019796', 'ES92-7354-0179-67-9390687726'),
(5, '69909832K', 'José Ruiz Hernández', 'Calle de Alcalá, 150, 28009 Madrid', '609262080', 'ES36-7875-0995-45-4297944198'),
(6, '46175340B', 'Carmen Gómez Torres', 'Calle de Hortaleza, 30, 28004 Madrid', '744848769', 'ES74-3416-1495-49-9989120221'),
(7, '06310337B', 'Laura Díaz Romero', 'Calle de Gran Vía, 70, 28013 Madrid', '626577381', 'ES09-5198-9413-61-1303879418'),
(8, '22883062V', 'Miguel Jiménez Navarro', 'Calle de Atocha, 80, 28012 Madrid', '702240473', 'ES18-8302-0763-58-1169299779'),
(9, '49960200Z', 'Sara Muñoz Domínguez', 'Calle de Preciados, 15, 28004 Madrid', '733249076', 'ES51-6392-3024-46-6121586184'),
(10, '63130357A', 'Daniel Álvarez Vázquez', 'Calle de Princesa, 20, 28008 Madrid', '656709496', 'ES38-4634-3550-63-4465143205'),
(11, '05573122S', 'Elena Hernández Rojas', 'Calle Mayor, 10, 28005 Madrid', '784125802', 'ES97-6312-6784-27-7227307585'),
(13, '80145966M', 'Andrés Ruiz Avellanos', 'Calle de la Montera, 5, 28013 Madrid', '778193265', 'ES34-8283-7837-98-0680111561'),
(14, '29949233J', 'Rocío Ceballos', 'Calle del Carmen, 8, 28013 Madrid', '677752982', 'ES61-1869-2539-41-0415114484'),
(15, '20266026J', 'Lucía León Peña', 'Calle de Toledo, 20, 28005 Madrid', '649004570', 'ES25-9796-8130-87-6422750606'),
(16, '18087765J', 'Javier López Martínez', 'Calle de Segovia, 15, 28005 Madrid', '740940954', 'ES13-8499-4850-28-6159177246'),
(17, '59261938T', 'Celia Guerrero Cruz', 'Calle del Sol, 40, 28013 Madrid', '789690915', 'ES99-8422-1546-72-6181400276'),
(18, '50255809G', 'Mª Teresa Pérez Gómez', 'Calle de la Luna, 25, 28005 Madrid', '783065931', 'ES87-2153-0205-28-8715294782'),
(19, '69051676H', 'Jose Luis Álvarez González', 'Calle de la Estrella, 35, 28004 Madrid', '794231550', 'ES72-5953-0233-78-5104966914'),
(20, '64625538T', 'Andrés Cobo López', 'Calle de los Mancebos, 28, 28012 Madrid', '670688006', 'ES75-4045-1812-05-6296699462');

-- 
-- Dumping data for table rutinas
--
INSERT INTO rutinas VALUES
(1, 'Espalda-Cardio', 10),
(2, 'Pecho-Cardio', 3),
(3, 'Pierna-Cardio', 3),
(4, 'Brazo', 1),
(5, 'Cardio', 16),
(6, 'Pecho-Tríceps-Hombro', 1),
(7, 'Espalda-Bíceps', 17),
(8, 'Pierna', 20);

-- 
-- Dumping data for table ejercicios
--
INSERT INTO ejercicios VALUES
(1, 'Remo en máquina', 5, 0, 2),
(2, 'Press de hombros con mancuernas', 4, 12, 0),
(3, 'Press de banca', 5, 7, 0),
(4, 'Encogimientos de hombros con mancuernas', 4, 15, 0),
(5, 'Bicicleta', 0, 0, 15),
(6, 'Fondos en paralelas', 3, 10, 0),
(7, 'Burpies', 4, 20, 0),
(8, 'Abdominales', 4, 25, 0),
(9, 'Prensa de piernas', 4, 10, 0),
(10, 'Curl de bíceps martillo', 3, 15, 0),
(11, 'Curl de bíceps con barra recta', 3, 12, 0),
(12, 'Bicicleta Elíptica', 0, 0, 30),
(13, 'Plancha', 3, 0, 1),
(14, 'Extensiones de tríceps en polea', 5, 12, 0),
(15, 'Cinta', 0, 0, 20),
(16, 'Sentadillas', 4, 20, 0),
(17, 'Flexiones', 4, 12, 0),
(18, 'Pulldown con polea alta', 4, 8, 0),
(19, 'Elevaciones de gemelos en máquina', 4, 10, 0),
(20, 'Press de pecho inclinado', 4, 10, 0),
(21, 'Press militar', 4, 8, 0),
(22, 'Elevaciones laterales con mancuernas', 5, 8, 0),
(23, 'Peso muerto', 4, 6, 0),
(24, 'Dominadas', 4, 12, 0),
(25, 'Hip thrust', 4, 10, 0),
(26, 'Remo con mancuerna', 3, 12, 0),
(27, 'Remo con barra', 4, 10, 0),
(28, 'Extensión de cuadriceps', 4, 12, 0),
(29, 'Zancadas con mancuernas', 5, 30, 0),
(30, 'Jalón al pecho', 4, 12, 0);

-- 
-- Dumping data for table sesiones
--
INSERT INTO sesiones VALUES
(1, '06:00:00', 2, 2, 5),
(2, '06:30:00', 7, 2, 5),
(3, '07:00:00', 7, 2, 10),
(4, '07:30:00', 1, 2, 7),
(5, '08:00:00', 4, 2, 4),
(6, '08:30:00', 5, 1, 4),
(7, '09:00:00', 1, 2, 11),
(8, '09:30:00', 4, 1, 10),
(9, '10:00:00', 4, 1, 10),
(10, '10:30:00', 7, 2, 8),
(11, '11:00:00', 3, 2, 1),
(12, '11:30:00', 4, 2, 9),
(13, '12:00:00', 3, 2, 5),
(14, '12:30:00', 5, 1, 9),
(15, '13:00:00', 7, 1, 2),
(16, '13:30:00', 8, 2, 8),
(17, '14:00:00', 3, 1, 7),
(18, '14:30:00', 4, 2, 12),
(19, '15:00:00', 2, 2, 11),
(20, '15:30:00', 4, 1, 10),
(21, '16:00:00', 1, 1, 1),
(22, '16:30:00', 2, 2, 6),
(23, '17:00:00', 2, 1, 11),
(24, '17:30:00', 6, 1, 8),
(25, '18:00:00', 6, 2, 6),
(26, '18:30:00', 1, 1, 1),
(27, '19:00:00', 4, 1, 10),
(28, '19:30:00', 7, 2, 9),
(29, '20:00:00', 7, 1, 2),
(30, '20:30:00', 4, 1, 9),
(31, '21:00:00', 2, 1, 7),
(32, '21:30:00', 5, 1, 6),
(33, '22:00:00', 1, 2, 11);

-- 
-- Dumping data for table clientes
--
INSERT INTO clientes VALUES
(1, '11638861X', 'Manuel Sánchez García', 'Calle de Bravo Murillo, 150, 28020 Madrid', '777112831', 'ES10-1128-5657-90-7381159381', NULL),
(2, '85243237Q', 'Carmen Martínez López', 'Calle de Vallehermoso, 30, 28015 Madrid', '727827381', 'ES08-0159-6158-06-4664094222', NULL),
(3, '03127586T', 'Francisco García Martínez', 'Calle de Serrano, 200, 28006 Madrid', '726871427', 'ES24-7709-0727-85-6133652599', NULL),
(4, '43827508L', 'Ana Pérez Gómez', 'Calle de Goya, 50, 28001 Madrid', '659150385', 'ES79-1513-6445-02-3979496732', NULL),
(5, '47975532Q', 'Pablo López Fernández', 'Calle de Alcalá, 200, 28009 Madrid', '625896067', 'ES51-2563-7117-85-9552531724', NULL),
(6, '88339508G', 'María Sánchez Rodríguez', 'Calle de Gran Vía, 1, 28013 Madrid', '649249768', 'ES60-3925-0833-17-0389298434', NULL),
(7, '13551225Q', 'Pedro Fernández López', 'Calle de Velázquez, 80, 28006 Madrid', '633868548', 'ES90-6962-8999-13-5067674052', 3),
(8, '35300522F', 'Isabel Gómez García', 'Calle del Prado, 10, 28014 Madrid', '739219695', 'ES35-8076-4440-16-1482132668', 9),
(9, '94657730B', 'José Rodríguez Martínez', 'Calle de Preciados, 1, 28013 Madrid', '722133879', 'ES31-4105-1720-05-5798012641', NULL),
(10, '49236729P', 'Ana Pérez Rodríguez', 'Calle Mayor, 100, 28013 Madrid', '672684013', 'ES99-7234-5465-00-0450839370', 20),
(11, '64846668A', 'Juan Martínez García', 'Calle de Hortaleza, 80, 28004 Madrid', '664421767', 'ES77-3740-6210-19-9036279184', NULL),
(12, '79368271D', 'Isabel Sánchez Sánchez', 'Calle de Fuencarral, 30, 28001 Madrid', '638643937', 'ES61-5231-5218-46-4405144292', 4),
(13, '22176602W', 'Francisco Martínez Rodríguez', 'Calle de Alcalá, 100, 28009 Madrid', '655253172', 'ES78-6375-5302-91-6880728047', NULL),
(14, '92789082K', 'Carmen García López', 'Calle de Serrano, 100, 28006 Madrid', '618539256', 'ES99-9018-7558-91-5280934179', 17),
(15, '03267645N', 'Pablo Martínez Rodríguez', 'Calle de Velázquez, 50, 28006 Madrid', '616623712', 'ES92-4004-7919-19-8604572851', NULL),
(16, '40784958R', 'Ana López Pérez', 'Calle de Gran Vía, 150, 28013 Madrid', '683692949', 'ES52-2715-2387-20-5997967667', 13),
(17, '86661092J', 'Pedro Sánchez Gómez', 'Calle de Serrano, 150, 28006 Madrid', '643178253', 'ES52-6014-5638-86-7391694768', 6),
(18, '07096692L', 'Carmen Martínez Ruiz', 'Calle de Fuencarral, 20, 28004 Madrid', '734885118', 'ES51-0680-0022-11-5305896893', 8),
(19, '39173991T', 'María García Hernández', 'Calle del Prado, 5, 28014 Madrid', '685264374', 'ES95-9591-6342-18-1260928523', 3),
(20, '16501224N', 'Manuel Ruiz Sánchez', 'Calle de Serrano, 150, 28006 Madrid', '646937873', 'ES33-3476-2314-31-7149000515', 13),
(21, '05910866G', 'Ana Fernández García', 'Calle de Velázquez, 50, 28006 Madrid', '642213266', 'ES58-1757-6148-23-3190319162', 8),
(22, '02297015M', 'José Sánchez Martínez', 'Calle de Gran Vía, 150, 28013 Madrid', '610228146', 'ES26-8126-1256-21-3269720532', 2),
(23, '43052323A', 'Carmen Pérez Fernández', 'Calle de Alcalá, 100, 28009 Madrid', '707308657', 'ES33-9185-0335-26-9694920893', 16),
(24, '50170068F', 'Manuel López Sánchez', 'Calle de Goya, 50, 28001 Madrid', '766780525', 'ES49-3116-2232-22-1445234262', 17),
(25, '15386387P', 'Ana García López', 'Calle Mayor, 100, 28013 Madrid', '611526852', 'ES99-4476-2796-90-2530772977', 13),
(26, '09269661V', 'José Martínez Martínez', 'Calle de Hortaleza, 80, 28004 Madrid', '615419450', 'ES83-1408-9735-09-9910665938', 16),
(27, '05596172L', 'María Rodríguez Fernández', 'Calle de Alcalá, 200, 28009 Madrid', '649339860', 'ES41-7643-7304-98-2987717923', 11),
(28, '63404315P', 'José Fernández González', 'Calle de Serrano, 200, 28006 Madrid', '720685901', 'ES45-3632-9330-25-6913729257', 7),
(29, '13387575B', 'Ana López Martínez', 'Calle de Velázquez, 80, 28006 Madrid', '612223085', 'ES18-6244-7469-04-1974732589', 17),
(30, '26533191T', 'José Martínez Sánchez', 'Calle de Fuencarral, 30, 28001 Madrid', '784643355', 'ES22-5138-8771-09-4671768404', 2),
(31, '73732277G', 'Teresa García Pérez', 'Calle de Alcalá, 200, 28009 Madrid', '726187314', 'ES47-4817-0534-18-7077133785', 15),
(32, '74710648R', 'Carlos Martínez Ruiz', 'Calle de Serrano, 150, 28006 Madrid', '705144292', 'ES50-0562-8264-12-3825088346', 10),
(33, '47204499N', 'Alicia Rodríguez Díaz', 'Calle Gran Vía, 50, 28013 Madrid', '676637526', 'ES69-7109-7763-17-6183830938', 3),
(34, '01201167S', 'Olga López Moreno', 'Calle de Bravo Murillo, 100, 28020 Madrid', '753919671', 'ES39-6397-9666-01-9566613950', 5),
(35, '90451392M', 'Diana García Álvarez', 'Calle de Fuencarral, 80, 28004 Madrid', '624681999', 'ES26-5129-9217-79-7255616292', 14),
(36, '57321519E', 'Adán Fernández Muñoz', 'Calle de la Princesa, 14, 28008 Madrid', '718295881', 'ES31-0991-1936-93-5004592645', 16),
(37, '46202596N', 'Beatriz Martínez Romero', 'Calle Mayor, 15, 28013 Madrid', '707465157', 'ES58-2484-6824-81-5876636303', 9),
(38, '03284464H', 'Rodrigo García Domínguez', 'Calle de Atocha, 60, 28012 Madrid', '724328802', 'ES34-1998-3461-79-5350130816', 19),
(39, '73305440R', 'Adela Martínez Nieto', 'Calle de Hortaleza, 30, 28004 Madrid', '619583439', 'ES42-1262-2928-76-0971148825', 8),
(40, '39873860W', 'Cayetano Rodríguez Medina', 'Calle de Goya, 90, 28001 Madrid', '757285174', 'ES86-2874-8455-93-9326846137', 6),
(41, '38367855Z', 'Evaristo López Ortega', 'Calle de Velázquez, 80, 28001 Madrid', '769847768', 'ES98-1233-2316-72-0146232916', 18),
(42, '58341548R', 'Abelardo Fernández Sierra', 'Calle de José Ortega y Gasset, 50, 28006 Madrid', '702997967', 'ES16-6771-5694-25-8859841612', 17),
(43, '82239545D', 'Mariluz Martínez Cámara', 'Calle del Prado, 1, 28014 Madrid', '647961001', 'ES00-6328-2978-18-8533992928', 13),
(44, '26365537Q', 'Timoteo López Carmona', 'Calle de Segovia, 50, 28005 Madrid', '651159367', 'ES60-1184-1634-28-0608994450', 10),
(45, '93746008D', 'Tomás Pérez Pascual', 'Calle de Toledo, 1, 28005 Madrid', '711771696', 'ES53-8949-0727-07-5937351508', 5),
(46, '94100953H', 'Hugo Moreno Bravo', 'Calle de ODonnell, 10, 28009 Madrid', '741190443', 'ES03-3550-6979-67-5327304145', 18),
(47, '94992089L', 'Santiago Alonso Flores', 'Calle del Carmen, 15, 28013 Madrid', '663795571', 'ES47-8918-0889-30-2799012895', 9),
(48, '80159894H', 'Miguel Ramos Martín', 'Calle de San Bernardo, 100, 28015 Madrid', '786164295', 'ES62-5073-6689-00-3050119085', 11),
(49, '75766295V', 'Eduardo Gómez Hernández', 'Calle de las Huertas, 30, 28014 Madrid', '667664642', 'ES98-1555-0911-48-2180751633', 2),
(50, '05977422K', 'Luis Flores Gil', 'Calle de la Montera, 50, 28013 Madrid', '725920661', 'ES90-4266-7585-27-3226276398', 7),
(51, '10183918R', 'Adrián García López', 'Calle de Gran Vía, 100, 28013 Madrid', '724253034', 'ES64-1499-0853-10-9296000446', 17),
(52, '21236847G', 'Alba Martínez González', 'Calle de Serrano, 150, 28006 Madrid', '715028208', 'ES42-5308-3543-75-5184542851', 15),
(53, '78262191E', 'Claudia Rodríguez Fernández', 'Calle de Alcalá, 200, 28009 Madrid', '730866515', 'ES39-3022-4141-54-0445073806', 5),
(54, '57477709L', 'Sergio Fernández González', 'Calle Mayor, 15, 28013 Madrid', '670964721', 'ES41-0649-4075-63-1444360331', 5),
(55, '70248335X', 'Elena González Martínez', 'Calle del Prado, 1, 28014 Madrid', '606728537', 'ES38-1049-7138-27-0979090910', 17),
(56, '09752482E', 'Ángela Martínez López', 'Calle de Fuencarral, 80, 28004 Madrid', '791625266', 'ES53-1685-1044-96-8409500787', 5),
(57, '14759210H', 'Hugo García Sánchez', 'Calle de Atocha, 60, 28012 Madrid', '626593072', 'ES95-7329-8585-28-7195109861', 11),
(58, '12418623A', 'Ana López Pérez', 'Calle de Hortaleza, 30, 28004 Madrid', '686120593', 'ES25-6087-6999-26-2803903728', 1),
(59, '25583020M', 'Manuel Pérez Gómez', 'Calle de José Ortega y Gasset, 50, 28006 Madrid', '633822469', 'ES48-2013-6958-69-4041313002', 20),
(60, '69444077Q', 'María Rodríguez Sánchez', 'Calle de Goya, 90, 28001 Madrid', '694351229', 'ES96-7103-6828-00-7185119613', 4),
(61, '87582702J', 'Luis Martínez Martín', 'Calle de Segovia, 50, 28005 Madrid', '743434786', 'ES89-7982-2250-00-6519748228', 5),
(62, '95525204V', 'Carmen Sánchez Serrano', 'Calle de Velázquez, 80, 28001 Madrid', '717533580', 'ES01-3630-2312-37-8411212224', 19),
(63, '08967537K', 'Francisco García Rubio', 'Calle de Alcalá, 200, 28009 Madrid', '620249703', 'ES45-6920-1473-91-0945475096', 16),
(64, '58336104P', 'Sara López Moreno', 'Calle Mayor, 15, 28013 Madrid', '788671895', 'ES75-0702-6522-92-1481107009', 1),
(65, '47731780H', 'Laura Gómez Ortiz', 'Calle de Gran Vía, 100, 28013 Madrid', '723927960', 'ES18-6049-2825-86-9288569255', 2),
(66, '74208801Z', 'Javier Martínez García', 'Calle de Hortaleza, 30, 28004 Madrid', '762530772', 'ES00-4874-4607-24-7101491579', 15),
(67, '32765266H', 'Andrea García Martínez', 'Calle del Prado, 1, 28014 Madrid', '714716140', 'ES53-1239-3914-94-0770611043', 10),
(68, '47582395H', 'Nuria López Pérez', 'Calle de Goya, 90, 28001 Madrid', '621333090', 'ES85-4575-9716-73-5253453284', 19),
(69, '63824931T', 'Alberto Martínez Rodríguez', 'Calle de Velázquez, 80, 28001 Madrid', '748766593', 'ES76-7326-5254-09-9938502864', 2),
(70, '98244782Y', 'Marta García Martínez', 'Calle de Segovia, 50, 28005 Madrid', '609076430', 'ES46-5545-4154-23-8017091147', 3),
(71, '44420188N', 'Antonio López Ruiz', 'Calle Mayor, 15, 28013 Madrid', '697541298', 'ES21-6716-4766-77-6835485006', 4),
(72, '56634596V', 'Rosa Martínez García', 'Calle de Alcalá, 200, 28009 Madrid', '720362914', 'ES64-6687-7786-27-7210307297', 5),
(73, '53775807J', 'Diego García Martínez', 'Calle de Gran Vía, 100, 28013 Madrid', '721962921', 'ES01-9063-4459-50-8805075961', 11),
(74, '84171833K', 'Elena López Pérez', 'Calle de Hortaleza, 30, 28004 Madrid', '752519925', 'ES97-6651-7244-40-2225371206', 19),
(75, '75209349Q', 'David Rodríguez Gómez', 'Calle del Prado, 1, 28014 Madrid', '692575919', 'ES12-8618-3906-18-3537878602', 9),
(76, '17848869H', 'Eduardo García López', 'Calle de Gran Vía, 100, 28013 Madrid', '644798519', 'ES59-3714-9434-31-2187929897', 14),
(77, '89155974Q', 'Ana Martínez González', 'Calle de Serrano, 150, 28006 Madrid', '619747325', 'ES68-0009-9696-34-5085828584', 2),
(78, '00051643P', 'José García Martínez', 'Calle de Alcalá, 200, 28009 Madrid', '691175138', 'ES60-4779-4278-62-4750284501', 17),
(79, '95815116Z', 'María Rodríguez Fernández', 'Calle de la Princesa, 14, 28008 Madrid', '786283446', 'ES39-4324-2450-46-8281958604', 9),
(80, '73608655F', 'Luis Martínez Sánchez', 'Calle de Fuencarral, 80, 28004 Madrid', '777663334', 'ES37-4178-2296-21-8198719775', 3),
(81, '89308848D', 'Carmen López Martínez', 'Calle de Atocha, 60, 28012 Madrid', '682166268', 'ES80-3035-0537-78-2424203324', 3),
(82, '40219607J', 'Manuel García Rodríguez', 'Calle de José Ortega y Gasset, 50, 28006 Madrid', '608047713', 'ES78-1022-8112-77-2477379792', 6),
(83, '72361311E', 'Sara Martínez García', 'Calle Mayor, 15, 28013 Madrid', '775181912', 'ES95-4237-0920-31-5079251219', 15),
(84, '56010117B', 'José Rodríguez Gómez', 'Calle de Segovia, 50, 28005 Madrid', '776156212', 'ES70-2265-0634-38-0893774919', 17),
(85, '67818021Z', 'María Martínez Martínez', 'Calle de Velázquez, 80, 28001 Madrid', '761331608', 'ES48-1098-9483-53-9304036286', 17),
(86, '45628775H', 'Juan López Martínez', 'Calle de Gran Vía, 100, 28013 Madrid', '640710970', 'ES49-0079-7719-23-9005291655', 14),
(87, '12480348L', 'Miguel Martínez López', 'Calle de Hortaleza, 30, 28004 Madrid', '627226183', 'ES01-2907-6842-79-1872052445', 4),
(88, '42689986P', 'Ana García López', 'Calle Mayor, 15, 28013 Madrid', '651163371', 'ES80-7160-6464-35-3685254280', 1),
(89, '06152534B', 'María Martínez González', 'Calle de José Ortega y Gasset, 50, 28006 Madrid', '697223360', 'ES03-4433-1607-39-3605518269', 17),
(90, '54269735Q', 'Laura García Sánchez', 'Calle de Fuencarral, 80, 28004 Madrid', '634375667', 'ES09-3119-6226-44-1890861118', 3),
(91, '44807784N', 'David Martínez García', 'Calle de la Princesa, 14, 28008 Madrid', '702612754', 'ES70-3582-3972-64-0936888960', 13),
(92, '75395745C', 'María López Martínez', 'Calle de Gran Vía, 100, 28013 Madrid', '621788827', 'ES94-5646-8901-51-9368133833', 9),
(93, '57874857A', 'José García López', 'Calle Mayor, 15, 28013 Madrid', '666162927', 'ES96-0656-1084-31-2246076474', 18),
(94, '23333598Y', 'Laura Martínez García', 'Calle de la Princesa, 14, 28008 Madrid', '666094193', 'ES03-9594-8338-83-0041271370', 10),
(95, '47771217X', 'Sergio García Martínez', 'Calle de Velázquez, 80, 28001 Madrid', '674658978', 'ES03-2765-4973-07-4028855562', 17),
(96, '87802989Y', 'Manuel López Martínez', 'Calle Mayor, 15, 28013 Madrid', '764509166', 'ES63-1318-3811-34-7300607019', 1),
(97, '24571619Y', 'María García Martínez', 'Calle de Atocha, 60, 28012 Madrid', '634184313', 'ES39-6666-4442-94-3192132922', 7),
(98, '31406741B', 'José Martínez López', 'Calle de Hortaleza, 30, 28004 Madrid', '687663630', 'ES71-0260-8555-70-2350474072', 4),
(99, '08669451S', 'Ana García Sánchez', 'Calle de la Princesa, 14, 28008 Madrid', '724960449', 'ES23-8751-4050-25-4753259959', 11),
(100, '48193391L', 'David López Martínez', 'Calle Mayor, 15, 28013 Madrid', '627532954', 'ES60-5888-8378-18-0066470463', 14);

-- 
-- Dumping data for table titulos
--
INSERT INTO titulos VALUES
(1, 9, 'Nutrición y Control de Peso para Resultados Sostenibles'),
(2, 5, 'Entrenamiento Funcional: Fundamentos y Aplicaciones'),
(3, 14, 'Estrategias de Motivación y Liderazgo para Instructores de Gimnasio'),
(4, 15, 'Entrenamiento para Personas Mayores: Salud y Vitalidad'),
(5, 4, 'Clases de Spinning: Acondicionamiento Cardiovascular'),
(6, 16, 'Yoga y Estiramiento: Flexibilidad y Bienestar'),
(7, 7, 'Core Strength: Fortalece tu Centro y Evita Lesiones'),
(8, 6, 'Entrenamiento en Grupo: Motivación y Compañerismo'),
(9, 18, 'Ejercicios de Fuerza y Resistencia para Todos los Niveles'),
(10, 20, 'Entrenamiento de Suspensiones: Desafía tu Cuerpo'),
(11, 13, 'Entrenamiento al Aire Libre: Conéctate con la Naturaleza'),
(12, 9, 'Nutrición Deportiva: Combina Alimentación y Ejercicio'),
(13, 5, 'Entrenamiento en Intervalos para Corredores'),
(14, 9, 'Entrenamiento de Alta Intensidad (HIIT) para Resultados Rápidos'),
(15, 6, 'Clases de Cardio: Quema Grasa y Aumenta tu Resistencia'),
(17, 11, 'Pilates: Mejora la Postura y la Fuerza Corporal'),
(19, 11, 'Entrenamiento con Pesas: Técnicas y Programas Efectivos'),
(20, 2, 'Mindfulness y Ejercicio: Enfoque y Relajación'),
(21, 9, 'Estrategias de Motivación y Liderazgo para Instructores de Gimnasio'),
(22, 10, 'Clases de Spinning: Acondicionamiento Cardiovascular'),
(23, 3, 'Entrenamiento para Personas Mayores: Salud y Vitalidad'),
(24, 16, 'Entrenamiento en Grupo: Motivación y Compañerismo'),
(25, 14, 'Entrenamiento Funcional: Fundamentos y Aplicaciones'),
(26, 9, 'Entrenamiento al Aire Libre: Conéctate con la Naturaleza'),
(27, 18, 'Entrenamiento de Suspensiones: Desafía tu Cuerpo'),
(28, 13, 'Yoga y Estiramiento: Flexibilidad y Bienestar'),
(29, 10, 'Nutrición y Suplementación Deportiva'),
(30, 9, 'Entrenamiento en Intervalos para Corredores');

-- 
-- Dumping data for table componen
--
INSERT INTO componen VALUES
(1, 1, 30),
(2, 1, 24),
(3, 1, 27),
(4, 1, 11),
(5, 1, 23),
(6, 1, 10),
(7, 1, 18),
(8, 1, 15),
(9, 1, 17),
(10, 2, 2),
(11, 2, 14),
(12, 2, 21),
(13, 2, 3),
(14, 2, 6),
(15, 2, 22),
(16, 2, 4),
(17, 2, 12),
(18, 2, 7),
(19, 3, 29),
(20, 3, 16),
(21, 3, 25),
(22, 3, 19),
(23, 3, 16),
(24, 3, 5),
(25, 3, 8),
(26, 4, 10),
(27, 4, 11),
(28, 4, 14),
(29, 4, 22),
(30, 4, 21),
(31, 5, 15),
(32, 5, 12),
(33, 5, 13),
(34, 6, 30),
(35, 6, 24),
(36, 6, 27),
(37, 6, 11),
(38, 6, 23),
(39, 6, 10),
(40, 7, 2),
(41, 7, 14),
(42, 7, 21),
(43, 7, 3),
(44, 7, 6),
(45, 8, 29),
(46, 8, 16),
(47, 8, 25),
(48, 8, 19),
(49, 8, 16);

-- 
-- Dumping data for table apuntarse
--
INSERT INTO apuntarse VALUES
(1, 79, 9, 1),
(2, 74, 4, 1),
(3, 26, 22, 1),
(4, 52, 10, 0),
(5, 13, 16, 1),
(6, 59, 18, NULL),
(7, 81, 23, 1),
(8, 50, 30, NULL),
(9, 6, 24, NULL),
(10, 96, 10, 1),
(11, 33, 12, 0),
(12, 90, 12, 1),
(13, 19, 10, NULL),
(14, 44, 17, 1),
(15, 64, 31, 1),
(16, 25, 13, NULL),
(17, 70, 22, 1),
(18, 36, 26, 1),
(19, 66, 26, 0),
(20, 16, 21, 1),
(21, 4, 5, 1),
(22, 29, 5, 1),
(23, 83, 8, 1),
(24, 10, 29, 1),
(25, 80, 16, 1),
(26, 88, 30, 0),
(27, 34, 29, NULL),
(28, 9, 21, 1),
(29, 63, 15, 1),
(30, 57, 10, 1),
(31, 23, 22, NULL),
(32, 30, 27, NULL),
(33, 25, 21, 0),
(34, 96, 19, NULL),
(35, 91, 17, 1),
(36, 90, 26, NULL),
(37, 15, 26, 0),
(38, 22, 32, 1),
(39, 54, 28, 0),
(40, 3, 17, 0),
(41, 73, 15, 1),
(42, 79, 31, NULL),
(43, 82, 25, 1),
(44, 72, 12, NULL),
(45, 9, 5, 1),
(46, 34, 4, 1),
(47, 82, 4, 0),
(48, 56, 24, 0),
(49, 22, 9, 0),
(50, 79, 20, 1),
(51, 63, 3, 1),
(52, 82, 26, NULL),
(53, 21, 29, 1),
(54, 43, 28, 1),
(55, 35, 33, 0),
(56, 80, 13, 1),
(57, 55, 27, 1),
(58, 51, 28, 1),
(59, 67, 21, 1),
(60, 18, 33, 1),
(61, 21, 1, 1),
(62, 16, 8, 1),
(63, 49, 23, 1),
(64, 69, 9, NULL),
(65, 21, 11, 1),
(66, 28, 21, NULL),
(67, 35, 6, 1),
(68, 89, 13, 1),
(69, 37, 8, 1),
(70, 73, 11, 1),
(71, 73, 33, 1),
(72, 57, 25, NULL),
(73, 94, 2, 0),
(74, 92, 20, NULL),
(75, 70, 16, 1),
(76, 51, 2, 0),
(77, 91, 26, 1),
(78, 67, 29, 1),
(79, 80, 20, 1),
(80, 24, 31, 1),
(81, 12, 1, 1),
(82, 14, 11, 1),
(83, 83, 25, 1),
(84, 99, 28, NULL),
(85, 4, 18, 1),
(86, 28, 29, 1),
(87, 68, 12, 0),
(88, 4, 27, 0),
(89, 44, 9, NULL),
(90, 33, 31, 0),
(91, 74, 22, 1),
(92, 84, 27, 1),
(93, 99, 21, 1),
(94, 42, 7, 1),
(95, 94, 4, 0),
(96, 16, 30, 1),
(97, 55, 13, NULL),
(98, 43, 24, 0),
(99, 55, 12, 0),
(100, 54, 24, 1),
(101, 21, 16, 1),
(102, 39, 10, NULL),
(103, 79, 16, 1),
(104, 76, 28, NULL),
(105, 36, 31, 1),
(106, 45, 21, 1),
(107, 48, 14, 1),
(108, 18, 28, NULL),
(109, 77, 32, 1),
(110, 67, 9, 1),
(111, 45, 27, 1),
(112, 16, 26, 1),
(113, 71, 20, 0),
(114, 56, 10, 0),
(115, 71, 29, 0),
(116, 44, 1, NULL),
(117, 71, 30, NULL),
(118, 99, 1, 1),
(119, 11, 21, NULL),
(120, 22, 31, 1),
(121, 84, 19, 0),
(122, 86, 25, NULL),
(123, 7, 14, 1),
(124, 81, 33, 0),
(125, 25, 15, NULL),
(126, 27, 1, 1),
(127, 53, 18, 1),
(128, 4, 9, 1),
(129, 22, 33, NULL),
(130, 31, 33, 1),
(131, 100, 2, 1),
(132, 95, 30, NULL),
(133, 52, 8, NULL),
(134, 20, 21, NULL),
(135, 43, 25, NULL),
(136, 3, 8, 1),
(137, 51, 10, 1),
(138, 45, 8, 1),
(139, 63, 8, 1),
(140, 38, 22, NULL),
(141, 94, 14, 1),
(142, 84, 24, 1),
(143, 99, 24, 1),
(144, 60, 21, 1),
(145, 18, 12, 1),
(146, 3, 10, 1),
(147, 64, 4, 1),
(148, 75, 16, 0),
(149, 30, 2, 0),
(150, 8, 3, NULL),
(151, 64, 10, 1),
(152, 30, 11, NULL),
(153, 36, 33, 0),
(154, 33, 6, 1),
(155, 93, 11, 0),
(156, 30, 29, NULL),
(157, 33, 23, 1),
(158, 28, 17, 0),
(159, 94, 7, 1),
(160, 12, 21, 1),
(161, 28, 11, 1),
(162, 86, 18, NULL),
(163, 35, 9, 1),
(164, 86, 17, 1),
(165, 72, 26, 1),
(166, 15, 8, 1),
(167, 85, 11, 1),
(168, 31, 28, 1),
(169, 81, 10, 1),
(170, 15, 9, 0),
(171, 5, 26, 1),
(172, 88, 16, 0),
(173, 51, 22, 0),
(174, 13, 22, 1),
(175, 18, 22, 0),
(176, 20, 15, 1),
(177, 41, 10, NULL),
(178, 11, 17, 0),
(179, 80, 32, NULL),
(180, 45, 28, 1),
(181, 67, 17, 1),
(182, 88, 13, 1),
(183, 52, 6, 1),
(184, 71, 14, 1),
(185, 10, 33, 1),
(186, 11, 27, 1),
(187, 10, 23, NULL),
(188, 49, 13, 1),
(189, 80, 9, NULL),
(190, 69, 17, 1),
(191, 43, 2, 1),
(192, 70, 24, 1),
(193, 64, 21, 1),
(194, 76, 9, NULL),
(195, 76, 10, 1),
(196, 30, 6, 1),
(197, 63, 9, 1),
(198, 41, 24, 1),
(199, 25, 14, NULL),
(200, 57, 5, 1),
(201, 87, 1, 1),
(202, 7, 33, 1),
(203, 49, 30, 1),
(204, 61, 29, 1),
(205, 92, 5, 1),
(206, 13, 33, 0),
(207, 64, 33, NULL),
(208, 78, 29, 0),
(209, 76, 32, 1),
(210, 50, 24, NULL),
(211, 28, 30, 1),
(212, 48, 33, NULL),
(213, 79, 30, 0),
(214, 17, 21, 1),
(215, 72, 15, 1),
(216, 78, 12, NULL),
(217, 76, 27, 0),
(218, 98, 10, 0),
(219, 25, 10, 1),
(220, 35, 28, 1),
(221, 90, 27, 1),
(222, 67, 32, 0),
(223, 46, 32, NULL),
(224, 87, 33, 1),
(225, 96, 25, 1),
(226, 56, 17, 0),
(227, 58, 23, 1),
(228, 46, 6, 1),
(229, 63, 33, 1),
(230, 53, 32, 1),
(231, 89, 18, 0),
(232, 56, 20, 1),
(233, 77, 22, 1),
(234, 23, 2, 0),
(235, 92, 31, 0),
(236, 17, 24, 1),
(237, 31, 15, 0),
(238, 43, 30, 1),
(239, 84, 26, 1),
(240, 70, 32, 1),
(241, 68, 8, 1),
(242, 40, 32, 1),
(243, 84, 17, NULL),
(244, 38, 24, 1),
(245, 22, 25, 0),
(246, 37, 6, 1),
(247, 75, 14, 1),
(248, 30, 14, 1),
(249, 23, 7, 0),
(250, 58, 15, 1),
(251, 14, 8, NULL),
(252, 98, 2, NULL),
(253, 98, 8, NULL);

-- 
-- Restore previous SQL mode
-- 
/*!40101 SET SQL_MODE=@OLD_SQL_MODE */;

-- 
-- Enable foreign keys
-- 
/*!40014 SET FOREIGN_KEY_CHECKS = @OLD_FOREIGN_KEY_CHECKS */;